Local_Authority_(District),Total_Accidents,Total_Casualties,Avg_Latitude,Avg_Longitude,Severity_Score,Risk_Score,Risk_Level
Birmingham,5948,8324,52.476969870880964,-1.879527488567586,7552,100.0,Very High
Leeds,4091,5759,53.80426740992423,-1.5447493397702272,5297,69.69,High
Westminster,2801,3158,51.512098329525166,-0.15370807568725456,4321,52.44,Moderate
Bradford,2990,4413,53.81284478795986,-1.7901566575250838,3820,50.79,Moderate
Manchester,2869,4030,53.46219011990241,-2.227518104566051,3543,47.42,Moderate
Sheffield,2684,3653,53.38590440797317,-1.4600737064083458,3378,44.73,Moderate
Liverpool,2536,3953,53.41139446884858,-2.9357101632492113,3356,44.34,Moderate
Cornwall,2546,3728,50.34924592969364,-4.91955320974077,3222,42.95,Moderate
Cheshire East,2107,3146,53.19277964784053,-2.3396895913621263,2973,38.2,Moderate
County Durham,2213,3271,54.75544238906462,-1.603926523271577,2885,38.08,Moderate
Barnet,2286,2905,51.60243440813649,-0.21333703674540683,2810,37.25,Moderate
Lambeth,2242,2569,51.46132646833185,-0.11994623818019626,2874,37.13,Moderate
Kirklees,2165,3289,53.670176047575055,-1.7304234378752887,2747,36.75,Moderate
"Bristol, City of",2189,2682,51.460044851987206,-2.58666385061672,2673,35.38,Moderate
Southwark,1977,2257,51.48130340515933,-0.07941225189681335,2579,33.1,Moderate
Doncaster,1914,2816,53.52792572675026,-1.1229821943573668,2476,32.76,Moderate
Nottingham,1820,2343,52.9635204065934,-1.170151782967033,2374,30.84,Moderate
Camden,1663,1864,51.53566469933854,-0.14519256343956705,2505,30.61,Moderate
Cheshire West and Chester,1692,2457,53.22561483037825,-2.7591801696217497,2370,30.43,Moderate
Leicester,1905,2499,52.63534634698163,-1.1269640031496064,2239,30.29,Moderate
Wiltshire,1589,2267,51.3060081157961,-1.9796775802391442,2387,29.88,Low
Brighton and Hove,1737,2154,50.83417906735751,-0.14591760564191134,2289,29.52,Low
Wakefield,1631,2450,53.676196052728386,-1.418738073574494,2273,29.35,Low
East Riding of Yorkshire,1557,2359,53.84327069621066,-0.4785633538856776,2301,29.15,Low
Croydon,1807,2247,51.37300658882125,-0.09596514609850582,2193,29.14,Low
Ealing,1770,2131,51.521259901129945,-0.3263240677966102,2184,28.74,Low
Wandsworth,1707,1954,51.45191010720562,-0.17894548388986528,2157,28.0,Low
Northumberland,1564,2275,55.172744988491054,-1.7684162615089516,2120,27.54,Low
Lewisham,1617,1895,51.45203840630798,-0.023036593073593074,2053,26.67,Low
Tower Hamlets,1631,1860,51.51850826916002,-0.04260860515021459,2033,26.51,Low
Newcastle upon Tyne,1604,2130,54.986230100374065,-1.6301661751870324,1990,26.42,Low
Enfield,1565,2075,51.637994028753994,-0.07836726006389777,1953,25.86,Low
Hackney,1579,1816,51.550066230525644,-0.06916472894236858,1989,25.86,Low
Sandwell,1526,2209,52.51249198623853,-2.0051614462647445,1912,25.54,Low
Derby,1518,2071,52.913195982872196,-1.4708305546772067,1900,25.22,Low
Hillingdon,1548,2045,51.532337538113694,-0.436620161498708,1888,25.21,Low
Glasgow City,1468,1832,55.85757118596731,-4.262153134877384,1942,25.03,Low
Haringey,1546,1906,51.59040477878396,-0.09789687386804657,1890,25.02,Low
"Kingston upon Hull, City of",1458,1862,53.75755621879287,-0.3435455192043896,1924,24.87,Low
Newham,1528,1855,51.53218114332461,0.03448589070680628,1878,24.77,Low
Hounslow,1495,1854,51.4746932361204,-0.35270420200668895,1889,24.72,Low
Brent,1481,1764,51.554588169480084,-0.25905735651586764,1857,24.27,Low
Cardiff,1463,2080,51.4967636582365,-3.1898462282980176,1749,23.73,Low
Sunderland,1391,1906,54.893471430625446,-1.4353895664989216,1771,23.37,Low
Islington,1453,1629,51.54612576462492,-0.1094134156916724,1785,23.36,Low
Shropshire,1318,1901,52.696580792867984,-2.7080460827010624,1806,23.35,Low
Bromley,1377,1690,51.392892755265066,0.02743270733478577,1797,23.23,Low
Greenwich,1397,1722,51.475442908375086,0.047117413027916964,1779,23.21,Low
Stoke-on-Trent,1485,1969,53.017579830303035,-2.170440577104377,1677,23.06,Low
Kensington and Chelsea,1376,1557,51.49792761627907,-0.1873339854651163,1792,23.0,Low
Warrington,1340,1921,53.39884467686567,-2.5733268440298507,1726,22.8,Low
Wirral,1260,1883,53.37871626825397,-3.0524603539682538,1752,22.63,Low
Milton Keynes,1344,2012,52.04184019419643,-0.7492091711309524,1652,22.32,Low
Rotherham,1340,2069,53.424254284328356,-1.3192627820895522,1620,22.12,Low
Southampton,1277,1539,50.91717433046202,-1.398634661707126,1713,21.89,Low
Redbridge,1340,1698,51.57704635223881,0.06815767164179105,1630,21.68,Low
Central Bedfordshire,1210,1751,51.97192554380165,-0.477128805785124,1668,21.53,Low
Plymouth,1362,1762,50.38760947870779,-4.13193782599119,1568,21.34,Low
Coventry,1223,1639,52.41439341782502,-1.5056246778413738,1633,21.13,Low
Dudley,1201,1625,52.488964319733554,-2.104378472939217,1599,20.74,Low
Gateshead,1211,1670,54.94213960280759,-1.6298160156895127,1555,20.47,Low
Hammersmith and Fulham,1240,1411,51.492410597580644,-0.2178841620967742,1568,20.34,Low
Portsmouth,1178,1447,50.81510679796265,-1.074802527164686,1562,20.08,Low
Peterborough,1188,1656,52.585104678451174,-0.2577809385521886,1504,19.93,Low
Medway,1231,1515,51.378897520714865,0.5352951177904143,1503,19.9,Low
South Gloucestershire,1186,1544,51.51186383389545,-2.5027534198988195,1484,19.59,Low
Havering,1201,1540,51.56937180016653,0.2087440174854288,1475,19.58,Low
Bolton,1144,1711,53.57215674300699,-2.447175736888112,1474,19.57,Low
Waltham Forest,1217,1514,51.586721356614625,-0.011091622843056696,1469,19.56,Low
Preston,1146,1639,53.77563331064572,-2.7016994563699828,1480,19.53,Low
Barnsley,1158,1622,53.54364088169257,-1.463143275474957,1454,19.33,Low
Sefton,1127,1633,53.539157758651285,-2.990512206743567,1459,19.26,Low
Walsall,1129,1598,52.59338579273694,-1.9894944180690877,1431,18.99,Low
"Edinburgh, City of",1146,1350,55.94393281151832,-3.222184014834206,1426,18.67,Low
Guildford,1105,1576,51.25438580180995,-0.5786156479638008,1403,18.62,Low
Wolverhampton,1109,1521,52.58641757078449,-2.1203762732191165,1395,18.49,Low
Calderdale,1035,1519,53.71182228599034,-1.8799250347826086,1403,18.25,Low
North Lincolnshire,1025,1523,53.58169179707317,-0.6093617785365854,1405,18.23,Low
East Lindsey,1006,1474,53.24003978429423,0.07696103180914513,1406,18.09,Low
"Herefordshire, County of",1047,1457,52.0665164756447,-2.6935966914995224,1367,17.91,Low
Wigan,1044,1454,53.522308145593875,-2.589194650383142,1358,17.81,Low
Bournemouth,1071,1309,50.73752636788049,-1.8643253902894492,1359,17.73,Low
Swansea,1055,1484,51.64145493838863,-3.9654151270142175,1311,17.51,Low
New Forest,952,1293,50.8496087657563,-1.5931085157563025,1364,17.25,Low
North East Lincolnshire,982,1483,53.56062524949083,-0.09379247352342159,1286,16.99,Low
Carmarthenshire,958,1400,51.817688162839254,-4.173468019832986,1312,16.99,Low
Blackpool,998,1366,53.816430323647296,-3.03618676252505,1270,16.76,Low
Harrogate,905,1321,54.02172113922652,-1.503541233149171,1321,16.73,Low
Salford,985,1411,53.4963880609137,-2.338458012182741,1259,16.68,Low
Wealden,863,1240,50.93068616801854,0.20719671147161067,1339,16.6,Low
Lancaster,931,1320,54.06351817937701,-2.7994912105263157,1291,16.59,Low
Huntingdonshire,936,1313,52.353408792735046,-0.19242385897435899,1264,16.38,Low
Luton,985,1363,51.89217130152284,-0.43358458578680203,1211,16.21,Low
Epping Forest,898,1186,51.681848693763925,0.09824854231625836,1282,16.19,Low
Bexley,957,1221,51.4576182507837,0.13650339707419018,1233,16.07,Low
Powys,837,1245,52.3038594432497,-3.3602249342891275,1287,16.06,Low
Maidstone,947,1310,51.257978038014784,0.5500247592397044,1181,15.72,Low
Cherwell,867,1231,51.950808020761244,-1.2696351810841984,1215,15.56,Low
Stockport,928,1244,53.4005306799569,-2.1540735786637932,1178,15.52,Low
York,925,1165,53.963656832432434,-1.0785563145945947,1171,15.34,Low
South Cambridgeshire,837,1169,52.19012148626045,0.09078900955794506,1209,15.3,Low
Solihull,890,1253,52.43235760449438,-1.765702806741573,1166,15.28,Low
Aylesbury Vale,853,1249,51.859378820633054,-0.8399308229777257,1151,14.99,Low
Chelmsford,857,1125,51.71934872695449,0.49245673395565925,1169,14.98,Low
Oldham,850,1280,53.54202751647059,-2.1116063576470587,1140,14.93,Low
Southend-on-Sea,867,1097,51.54701721683968,0.7019362306805075,1155,14.87,Low
North Tyneside,901,1215,55.021909706992226,-1.5114923041065482,1105,14.76,Low
Highland,792,1181,57.58446498358585,-4.359756049242424,1162,14.73,Low
North Somerset,899,1283,51.383828520578426,-2.846869274749722,1073,14.57,Low
Reigate and Banstead,883,1218,51.253125281993206,-0.18793464326160816,1087,14.53,Low
"Rhondda, Cynon, Taff",872,1351,51.62462137270642,-3.4052993142201835,1070,14.53,Low
Swindon,834,1086,51.56792721582733,-1.7728597446043166,1132,14.52,Low
Thurrock,849,1188,51.497091597173146,0.32811858892815077,1099,14.45,Low
Blackburn with Darwen,844,1185,53.73293180450237,-2.4779757097156394,1102,14.45,Low
St. Albans,850,1247,51.75424195058824,-0.3472596705882353,1078,14.36,Low
Stafford,856,1179,52.84866671845794,-2.1363477172897194,1032,13.9,Low
Slough,869,1187,51.50988768929805,-0.5892625661680092,1017,13.84,Low
Winchester,729,976,51.01583654320988,-1.2545753703703704,1121,13.83,Low
Barking and Dagenham,846,1063,51.54659753309693,0.12299424940898344,1024,13.63,Low
Dartford,824,1186,51.43570859587379,0.24135690898058254,1006,13.56,Low
Trafford,832,1104,53.43440115865384,-2.328225682692308,1016,13.56,Low
Richmond upon Thames,799,920,51.44869982978724,-0.31395635294117646,1047,13.43,Low
Aberdeenshire,672,887,57.29193779613096,-2.3517908541666666,1116,13.43,Low
Isle of Wight,756,1023,50.69007830952381,-1.2491692314814815,1052,13.43,Low
Bury,773,1128,53.57189421086675,-2.296939702457956,1021,13.39,Low
Rochdale,802,1189,53.60110739401496,-2.16716757605985,992,13.36,Low
Colchester,739,928,51.88433182949933,0.8855752963464141,1065,13.34,Low
Tandridge,774,1138,51.246841625323,-0.05769543669250646,1002,13.25,Low
South Somerset,740,1030,50.96464918648649,-2.7196503675675676,1034,13.23,Low
Cambridge,812,922,52.2027588546798,0.13487729433497536,1014,13.21,Low
Tonbridge and Malling,772,1043,51.27502983031088,0.38116423445595854,1012,13.19,Low
Harrow,823,1052,51.59262092831106,-0.33709618955042525,977,13.13,Low
Bedford,781,1043,52.143465959026884,-0.4655060678617158,997,13.11,Low
Bassetlaw,720,1021,53.32220490833333,-1.0342744666666668,1028,13.08,Low
Canterbury,783,1045,51.30316055300128,1.0944145632183908,993,13.08,Low
South Ribble,720,1098,53.72754112916667,-2.6674633194444444,1002,12.97,Low
Northampton,764,946,52.24527317015706,-0.8844696780104712,1004,12.96,Low
Stratford-upon-Avon,711,986,52.20928066947961,-1.6535845147679324,1021,12.93,Low
South Oxfordshire,690,964,51.6481674115942,-1.0822855449275361,1034,12.92,Low
Ashford,770,1080,51.13510303766234,0.8313096753246753,972,12.9,Low
Oxford,732,881,51.75314972677596,-1.2358757978142076,1014,12.82,Low
Tameside,758,1103,53.47504494195251,-2.0870243799472297,960,12.78,Low
Wycombe,754,1092,51.632499119363395,-0.7669774774535809,964,12.78,Low
Basildon,757,957,51.58376545178336,0.4743403342140026,983,12.77,Low
Newark and Sherwood,693,960,53.10939663347763,-0.9153192467532467,1011,12.74,Low
Flintshire,701,1075,53.20395355777461,-3.102170877318117,987,12.73,Low
Sutton,765,951,51.36763679346405,-0.18321027712418303,973,12.71,Low
Merton,773,933,51.4093968007762,-0.18835783570504527,963,12.63,Low
Poole,757,971,50.73468296301189,-1.9595573157199473,961,12.6,Low
North Kesteven,671,970,53.097596341281665,-0.47990638002980623,991,12.49,Low
West Berkshire,711,929,51.42936475386779,-1.2509192390998594,977,12.48,Low
Bath and North East Somerset,762,1012,51.36538789107612,-2.4251272217847766,936,12.47,Low
King's Lynn and West Norfolk,671,951,52.726685301043226,0.4299716259314456,989,12.45,Low
South Kesteven,703,983,52.84713716500712,-0.5533662332859175,963,12.41,Low
Pembrokeshire,700,1005,51.78606213714286,-4.893681011428572,958,12.39,Low
Reading,752,954,51.450003704787235,-0.9789475252659574,932,12.31,Low
Sevenoaks,716,975,51.3138182877095,0.17624094273743016,940,12.26,Low
West Lancashire,651,983,53.584255248847924,-2.8452616159754225,969,12.24,Low
Mid Sussex,683,945,51.016280266471455,-0.1298873513909224,947,12.14,Low
Windsor and Maidenhead,714,981,51.49103355462184,-0.6864466162464986,926,12.14,Low
South Staffordshire,731,1036,52.63194981532148,-2.129589359781122,901,12.08,Low
Chichester,645,876,50.88606821550388,-0.7562938108527132,969,12.07,Low
Kingston upon Thames,721,888,51.394960434119284,-0.28682288488210816,909,11.9,Low
City of London,635,723,51.51407027716535,-0.09156305196850394,977,11.88,Low
Basingstoke and Deane,664,849,51.27466897138554,-1.1345576355421687,940,11.86,Low
Horsham,643,841,51.01235070139969,-0.3530411197511664,945,11.81,Low
Thanet,724,935,51.36239314640884,1.3803184254143648,888,11.8,Low
Elmbridge,706,971,51.36361673512748,-0.39268771671388103,888,11.78,Low
Hertsmere,703,1003,51.674009163584635,-0.27736295163584634,883,11.77,Low
Teignbridge,710,993,50.56851672394366,-3.596519253521127,880,11.76,Low
Tendring,651,872,51.851291517665125,1.1357214423963133,929,11.75,Low
Gwynedd,641,971,52.97604966302652,-4.088406630265211,917,11.75,Low
Swale,710,955,51.35310506901408,0.7868615056338027,884,11.74,Low
East Staffordshire,724,982,52.831213266574586,-1.7087062845303869,872,11.73,Low
South Lakeland,655,896,54.28412670687023,-2.878943479389313,895,11.52,Low
Waverley,672,935,51.16925486755952,-0.6824214672619048,880,11.52,Low
Telford and Wrekin,678,938,52.696173525073746,-2.467971927728614,872,11.48,Low
St. Helens,664,970,53.451336240963855,-2.7172219774096384,870,11.45,Low
West Lindsey,602,863,53.3626818654485,-0.5475139867109635,918,11.44,Low
Arun,638,804,50.81498747492163,-0.59389984169279,906,11.41,Low
Charnwood,669,895,52.73787335426009,-1.17103712406577,859,11.27,Low
Braintree,604,809,51.87551586423841,0.6043876026490066,902,11.24,Low
Knowsley,649,987,53.42511268875193,-2.8430562342064714,847,11.21,Low
Warwick,649,890,52.296555073959944,-1.5666156656394452,859,11.18,Low
Ashfield,644,860,53.095606868012425,-1.2533073152173912,862,11.14,Low
Sedgemoor,607,892,51.166835220757825,-2.9635467364085666,871,11.11,Low
Runnymede,657,1000,51.39487166971081,-0.5287429467275495,825,11.08,Low
Stockton-on-Tees,628,879,54.5690954856688,-1.317566515923567,858,11.07,Low
Eastleigh,650,849,50.94178914461539,-1.340679683076923,846,11.02,Low
Dacorum,633,899,51.76300534755134,-0.49364389415481835,827,10.86,Low
West Dorset,583,855,50.75892385763294,-2.564871924528302,855,10.82,Low
Norwich,663,766,52.63350299245852,1.2836950512820513,827,10.8,Low
Breckland,578,863,52.576642501730106,0.8516652543252595,842,10.7,Low
Suffolk Coastal,612,846,52.10930945424837,1.3580950359477124,828,10.7,Low
East Devon,631,909,50.72904968304279,-3.2599849223454833,801,10.64,Low
South Bucks,610,870,51.55498513278688,-0.569489575409836,810,10.58,Low
Scarborough,571,804,54.322470793345005,-0.479722880910683,839,10.56,Low
Vale of White Horse,575,782,51.661857114782606,-1.3590600504347825,837,10.53,Low
South Norfolk,575,806,52.53700747304348,1.2581138695652174,827,10.48,Low
Conwy,606,889,53.25914355445544,-3.739476896039604,796,10.47,Low
Newport,638,852,51.587012268025084,-2.9899330626959246,786,10.47,Low
Mole Valley,594,796,51.25050876599327,-0.31937486700336704,814,10.44,Low
Test Valley,579,767,51.091086276338515,-1.4852735319516408,827,10.44,Low
Wrexham,617,881,53.0338078006483,-3.0004306888168557,787,10.43,Low
Chorley,579,876,53.661339170984455,-2.645321348877375,805,10.41,Low
Ipswich,630,748,52.05509424603174,1.1587509666666667,798,10.39,Low
South Tyneside,626,820,54.97269423482428,-1.4474014408945688,788,10.39,Low
Newcastle-under-Lyme,639,926,53.02837770735524,-2.2607590938967137,763,10.38,Low
Wychavon,592,869,52.183468680743246,-2.079535618243243,794,10.37,Low
Wyre,605,800,53.88374573057851,-2.951506008264463,799,10.37,Low
Rushcliffe,576,819,52.910136734375,-1.08164234375,810,10.36,Low
Waveney,583,831,52.45069126586621,1.6668106157804459,801,10.33,Low
Surrey Heath,595,884,51.336327870588235,-0.7025878453781512,771,10.21,Low
Torbay,636,825,50.45479637106918,-3.548954990566038,760,10.2,Low
Wokingham,602,807,51.4279979551495,-0.8838423023255815,770,10.12,Low
Fife,572,746,56.168150704545454,-3.1973599510489508,794,10.11,Low
Halton,594,879,53.34777624242424,-2.7199012525252524,758,10.09,Low
North Hertfordshire,575,822,51.9629701426087,-0.21163530260869565,767,10.0,Low
Hambleton,521,809,54.29369536660269,-1.356942151631478,789,9.94,Low
Mendip,551,779,51.200340767695096,-2.527601274047187,775,9.91,Low
Rother,534,761,50.91425198876404,0.5196791535580524,782,9.87,Low
Middlesbrough,597,836,54.55723962144054,-1.2315101390284757,737,9.86,Low
North Warwickshire,555,804,52.540761872072075,-1.6340455441441442,761,9.84,Low
Lichfield,616,859,52.67349426623377,-1.832042603896104,720,9.83,Low
St. Edmundsbury,551,749,52.224987945553536,0.6731134283121597,759,9.73,Low
East Hampshire,533,682,51.06522963039399,-0.9400250581613508,777,9.71,Low
Tunbridge Wells,570,759,51.133678184210524,0.3381241754385965,744,9.7,Low
Amber Valley,571,748,53.04027933274956,-1.4195746112084062,743,9.68,Low
Rugby,543,763,52.38931921362799,-1.3114533406998157,749,9.63,Low
Lincoln,583,751,53.22574808404803,-0.5477769176672385,719,9.53,Low
Dover,565,803,51.181795745132746,1.308412785840708,717,9.51,Low
Spelthorne,564,804,51.42674961879433,-0.4674398953900709,710,9.45,Low
Blaby,543,758,52.58764261325967,-1.1993407255985267,725,9.43,Low
Taunton Deane,556,756,51.011769559352516,-3.1151017697841725,718,9.42,Low
Fenland,532,732,52.59462086278195,0.08178603571428571,732,9.4,Low
East Hertfordshire,543,732,51.83969404419889,0.0028381878453038675,725,9.39,Low
Welwyn Hatfield,548,763,51.7756355,-0.20622988138686132,712,9.34,Low
Lewes,504,700,50.8518181984127,0.017097646825396825,734,9.26,Low
Nuneaton and Bedworth,532,667,52.50124128947368,-1.478558909774436,726,9.26,Low
Mansfield,529,743,53.15377428733459,-1.1866676578449906,715,9.26,Low
North West Leicestershire,532,729,52.760641836466164,-1.3799786127819549,716,9.26,Low
Gedling,528,725,53.00407097159091,-1.1146247140151515,708,9.17,Low
Denbighshire,526,799,53.21605451901141,-3.396818252851711,692,9.13,Low
Erewash,520,669,52.928540644230765,-1.3224514480769232,702,9.01,Low
Darlington,535,736,54.53516793831776,-1.5537523794392523,681,8.99,Low
North East Derbyshire,503,734,53.229586198807155,-1.4073161133200796,695,8.97,Low
South Holland,512,691,52.78672711328125,-0.0696868515625,698,8.97,Low
Neath Port Talbot,517,798,51.64833830754352,-3.7900644410058026,673,8.94,Low
Havant,526,654,50.85782951330799,-1.0006012053231939,692,8.93,Low
Broadland,504,726,52.679504531746026,1.3122702559523811,690,8.92,Low
Allerdale,513,772,54.69990837037037,-3.3635521598440548,675,8.9,Low
Carlisle,534,728,54.902400310861424,-2.915834471910112,672,8.9,Low
Derbyshire Dales,464,655,53.13429651293103,-1.6655427672413792,710,8.82,Low
Babergh,497,715,52.03744482092556,0.9408789678068411,681,8.8,Low
Fylde,487,773,53.782430503080086,-2.942617476386037,675,8.79,Low
Staffordshire Moorlands,547,788,53.05679631261426,-2.03340771297989,639,8.76,Low
Burnley,494,674,53.78883525708502,-2.2547670850202426,682,8.74,Low
Shepway,516,690,51.07350304457364,1.0870882906976744,668,8.74,Low
West Oxfordshire,468,631,51.819702596153846,-1.4882011196581195,700,8.72,Low
Chesterfield,523,672,53.24668300764818,-1.4171814072657745,665,8.72,Low
Exeter,553,667,50.71989360216998,-3.5150153652802896,649,8.7,Low
Wyre Forest,505,725,52.37702573069307,-2.2594666633663367,661,8.68,Low
Fareham,503,620,50.853963968190854,-1.2049377236580516,671,8.61,Low
Selby,466,673,53.79670532618026,-1.161665379828326,678,8.59,Low
Broxtowe,489,663,52.96375437423313,-1.2541932883435583,667,8.58,Low
Mid Suffolk,484,651,52.21432273966942,1.0453301776859503,662,8.5,Low
Bridgend,508,738,51.53323605905512,-3.6058060826771654,636,8.5,Low
Woking,495,684,51.32012806262627,-0.5573621656565657,641,8.41,Low
Cotswold,444,670,51.80400616441442,-1.9196247432432434,666,8.39,Low
Crawley,482,625,51.12104495850622,-0.178375744813278,650,8.35,Low
South Derbyshire,461,666,52.82466068329718,-1.5456765509761388,643,8.26,Low
High Peak,450,635,53.363863584444445,-1.910900388888889,652,8.25,Low
South Northamptonshire,413,560,52.1334177094431,-1.0069209273607749,681,8.23,Low
East Dorset,442,645,50.82269981447964,-1.92165942760181,630,8.05,Low
Gravesham,490,665,51.42138400408163,0.3757451530612245,602,8.04,Low
Harborough,431,639,52.50509538979118,-1.0671631206496521,627,7.97,Low
Redcar and Cleveland,444,631,54.571575623873876,-1.0665282184684683,610,7.87,Low
Caerphilly,461,649,51.64092578524946,-3.206242433839479,599,7.87,Low
Ceredigion,423,633,52.27284950118203,-4.168902437352246,607,7.76,Low
North Devon,452,633,51.08645992035398,-4.02039418141593,592,7.75,Low
South Hams,463,665,50.38030065658748,-3.8193769568034557,577,7.72,Low
Worthing,461,558,50.82236892841649,-0.38767604772234276,589,7.66,Low
Daventry,395,557,52.30628744050633,-1.0642854101265824,621,7.65,Low
Hastings,429,522,50.86491914918415,0.5663133403263403,609,7.64,Low
The Vale of Glamorgan,447,644,51.427554317673376,-3.2902980268456377,579,7.64,Low
Dumfries and Galloway,386,531,55.0410266865285,-3.807419437823834,628,7.63,Low
Eastbourne,431,556,50.7818993225058,0.285623162412993,597,7.6,Low
Three Rivers,447,619,51.65938372483222,-0.44949396420581655,577,7.59,Low
Boston,440,616,52.96946164772727,-0.035260854545454544,582,7.59,Low
Bracknell Forest,469,611,51.39983936034115,-0.7511100063965885,567,7.58,Low
Bromsgrove,460,647,52.362326769565215,-2.025914393478261,550,7.45,Low
Bolsover,453,685,53.19997193598233,-1.2905642538631346,547,7.45,Low
Aberdeen City,434,488,57.15396464055299,-2.132279357142857,586,7.42,Low
Hyndburn,429,608,53.758557090909086,-2.388573298368298,567,7.41,Low
Perth and Kinross,388,509,56.42422566494846,-3.518713543814433,600,7.38,Low
North Norfolk,401,626,52.842872526184536,1.2071868902743144,569,7.33,Low
Kettering,393,516,52.40215563104326,-0.7382115241730279,591,7.33,Low
Cannock Chase,458,615,52.70400840611354,-1.9966884890829695,540,7.32,Low
Craven,366,535,54.00353407103825,-2.1164892896174865,596,7.29,Low
Hart,405,534,51.29585177530864,-0.8686862197530865,565,7.19,Low
Gloucester,436,568,51.85530705045872,-2.236363855504587,542,7.17,Low
Eden,383,531,54.63527653002611,-2.6703686919060052,573,7.16,Low
East Cambridgeshire,395,556,52.345612665822784,0.29258576708860756,561,7.14,Low
Tewkesbury,411,528,51.92603651824818,-2.14010001703163,555,7.12,Low
Ryedale,339,534,54.17459945722714,-0.8249678348082595,587,7.1,Low
Hinckley and Bosworth,422,548,52.59752122985782,-1.3443682890995259,524,6.94,Low
West Lothian,395,581,55.8975052556962,-3.5739776911392407,529,6.91,Low
Pendle,387,582,53.85224555813953,-2.1982982609819124,527,6.86,Low
Watford,421,577,51.666738052256534,-0.39993027315914487,507,6.83,Low
Brentwood,381,506,51.6253507007874,0.3074799527559055,537,6.81,Low
Broxbourne,411,548,51.72250035036496,-0.03281839172749392,513,6.8,Low
Malvern Hills,402,549,52.149802823383084,-2.306106121890547,516,6.79,Low
Rushmoor,390,457,51.276609374358976,-0.7592828846153845,522,6.66,Low
Scottish Borders,350,492,55.633313877142854,-2.6863736171428574,536,6.66,Low
Rossendale,373,569,53.69841228954424,-2.2801713699731905,501,6.57,Low
Stroud,375,525,51.73438122133334,-2.2731429173333333,499,6.5,Low
Worcester,418,507,52.1957109354067,-2.2134211172248803,472,6.43,Low
South Larkshire,334,439,55.72567911077844,-3.9825206616766464,518,6.36,Low
Forest Heath,361,521,52.337248847645434,0.5141334155124654,489,6.35,Low
Richmondshire,309,470,54.38590695469256,-1.7570046666666668,513,6.26,Low
Chiltern,352,508,51.66845096306818,-0.6132117102272727,472,6.15,Low
Uttlesford,340,438,51.92039745588235,0.2590490147058824,490,6.15,Low
Forest of Dean,354,504,51.82501002542373,-2.495037525423729,470,6.14,Low
Gosport,343,401,50.80488269679301,-1.1565867113702624,475,5.99,Low
North Dorset,336,470,50.92517926488095,-2.2221014196428572,456,5.9,Low
Castle Point,346,428,51.548362728323696,0.5793082976878613,448,5.81,Low
Copeland,337,475,54.4934274124629,-3.5120826765578634,441,5.78,Low
Mid Devon,347,457,50.87104234870317,-3.499535063400576,439,5.78,Low
Cheltenham,339,413,51.90110374041298,-2.085484545722714,445,5.74,Low
Great Yarmouth,352,472,52.60751296875,1.7037678409090908,428,5.73,Low
North Larkshire,324,427,55.85825355864198,-3.9859874351851854,444,5.68,Low
Ribble Valley,301,421,53.85233127242525,-2.4294222059800665,451,5.64,Low
West Devon,321,499,50.638409012461054,-4.071022644859813,423,5.6,Low
Wellingborough,307,412,52.300421335504886,-0.7062792280130293,441,5.57,Low
North Lanarkshire,327,438,55.84510609174312,-3.991663058103976,421,5.52,Low
Renfrewshire,299,375,55.85160805016723,-4.454930819397994,417,5.28,Low
East Northamptonshire,275,367,52.382534378181816,-0.5595756763636364,425,5.24,Low
Rochford,300,400,51.58889079,0.6545134933333333,406,5.23,Low
Argyll and Bute,276,380,56.11241932971014,-5.209485829710145,422,5.23,Low
Dundee City,280,341,56.47337624285714,-2.9659907964285717,424,5.21,Low
Weymouth and Portland,303,367,50.61003349174917,-2.4588890429042904,403,5.17,Low
Hartlepool,292,408,54.68036382534246,-1.2329136232876712,400,5.15,Low
Purbeck,265,393,50.7031692264151,-2.1074004981132077,413,5.13,Low
Monmouthshire,286,389,51.72084862937063,-2.855847769230769,402,5.12,Low
Falkirk,290,380,56.004383668965524,-3.781355068965517,400,5.11,Low
Redditch,314,416,52.29888458280255,-1.9329505127388535,376,5.06,Low
Adur,279,364,50.83733700716846,-0.282678394265233,403,5.06,Low
Isle of Anglesey,256,378,53.27872988671875,-4.34896206640625,410,5.04,Low
Tamworth,315,389,52.62405212380953,-1.6812338666666666,365,4.93,Low
Maldon,242,323,51.70325009917356,0.7213594876033058,386,4.71,Low
Epsom and Ewell,290,405,51.343838924137934,-0.25917182068965516,348,4.7,Low
Torridge,284,459,50.92658922183099,-4.232663235915493,338,4.67,Low
South Ayrshire,261,356,55.42614370114943,-4.644225260536398,367,4.67,Low
Melton,257,378,52.78490228404669,-0.8941477081712063,363,4.65,Low
Barrow-in-Furness,273,371,54.12667805860806,-3.213883523809524,353,4.63,Low
Corby,252,343,52.487870694444446,-0.7052019801587303,362,4.58,Low
Harlow,258,311,51.76744348449613,0.10724296124031008,356,4.51,Low
Angus,231,306,56.616483549783545,-2.758397536796537,355,4.38,Low
South Lanarkshire,254,312,55.75866921653543,-4.055315779527559,340,4.36,Low
Stirling,233,308,56.15708222317596,-4.102478922746782,347,4.32,Low
Torfaen,243,335,51.67405098765432,-3.0290564320987654,317,4.15,Low
North Ayrshire,219,305,55.68508404109589,-4.739367789954338,333,4.14,Low
Christchurch,235,285,50.74671168510638,-1.773463285106383,293,3.84,Low
East Ayrshire,215,286,55.5378354744186,-4.412413972093023,301,3.83,Low
Rutland,191,296,52.651718188481674,-0.6461231308900524,295,3.69,Low
Stevenage,215,304,51.90503520465116,-0.19349725581395347,269,3.59,Low
Merthyr Tydfil,204,317,51.735234965686274,-3.3631140049019606,272,3.58,Low
Midlothian,198,271,55.870270590909094,-3.1062232626262625,270,3.48,Low
Moray,193,264,57.606710310880835,-3.2552164870466322,265,3.4,Low
East Lothian,166,219,55.96505559638554,-2.8671395240963853,244,3.05,Low
Oadby and Wigston,192,250,52.591418546875,-1.1006726354166667,222,3.02,Low
West Somerset,156,259,51.15834644230769,-3.3995964487179484,234,2.98,Low
West Dunbartonshire,173,214,55.93877007514451,-4.481030294797688,227,2.93,Low
Stevege,144,207,51.90438616666667,-0.19538548611111112,196,2.54,Low
Inverclyde,141,175,55.937540496453906,-4.75021619858156,197,2.49,Low
East Dunbartonshire,145,183,55.93299631724138,-4.249456889655172,187,2.43,Low
Blaenau Gwent,123,196,51.773579032520324,-3.196112024390244,157,2.11,Low
Macclesfield,113,156,53.29986179646017,-2.238256380530973,163,2.06,Low
Chester,117,169,53.20714785470086,-2.865087495726496,151,1.99,Low
East Renfrewshire,103,125,55.782328922330095,-4.3471186796116505,139,1.77,Low
Blaeu Gwent,94,165,51.76733034042554,-3.1890361063829786,134,1.75,Low
Mid Bedfordshire,85,133,52.040405235294116,-0.43926360000000003,129,1.63,Low
Salisbury,78,116,51.095113038461534,-1.8355636666666668,118,1.48,Low
South Bedfordshire,82,120,51.90722582926829,-0.5336379268292684,112,1.45,Low
Vale Royal,76,96,53.24272697368421,-2.554341078947368,104,1.33,Low
Durham,76,134,54.775767473684205,-1.5679318815789474,96,1.31,Low
Western Isles,71,90,57.95731704225352,-6.725581802816901,101,1.27,Low
Crewe and ntwich,65,93,53.07717264615385,-2.4687421846153845,103,1.27,Low
North Wiltshire,70,98,51.500568828571424,-2.0601475000000002,96,1.24,Low
London Airport (Heathrow),80,92,51.4704245125,-0.455984675,92,1.24,Low
Shetland Islands,69,124,60.170246318840576,-1.2641031304347827,85,1.18,Low
Carrick,69,101,50.245802159420286,-5.0684503478260865,81,1.11,Low
North Cornwall,58,84,50.58574170689655,-4.642910603448276,74,0.98,Low
Congleton,56,86,53.16105219642857,-2.319492,72,0.96,Low
Sedgefield,61,83,54.66138150819672,-1.5439289344262295,69,0.95,Low
Clackmannshire,49,61,56.134617612244895,-3.76115306122449,77,0.94,Low
Orkney Islands,53,71,59.0012560754717,-3.0196570566037733,73,0.93,Low
Easington,55,84,54.78149787272727,-1.3628864727272727,69,0.93,Low
Derwentside,57,78,54.85708684210527,-1.7583716842105264,63,0.88,Low
West Wiltshire,53,70,51.30993979245283,-2.189193188679245,65,0.87,Low
Shrewsbury and Atcham,51,64,52.71176888235294,-2.757219823529412,65,0.85,Low
Crewe and Nantwich,46,73,53.08809643478261,-2.473069586956522,60,0.8,Low
Restormel,50,65,50.37194206,-4.87181574,60,0.8,Low
Kerrier,43,62,50.15743995348837,-5.24958611627907,61,0.78,Low
Castle Morpeth,42,63,55.138806214285715,-1.7221199523809523,60,0.77,Low
Kennet,39,60,51.345053923076925,-1.8279868717948717,59,0.74,Low
Blyth Valley,45,56,55.09794753333333,-1.5520222222222222,53,0.71,Low
Ellesmere Port and Neston,40,57,53.27627725,-2.9291758999999997,54,0.7,Low
Wansbeck,38,53,55.16335897368421,-1.568108342105263,52,0.67,Low
Tynedale,34,48,54.99517982352941,-2.114462029411765,54,0.66,Low
Caradon,41,59,50.42393321951219,-4.324387317073171,43,0.62,Low
Penwith,38,51,50.14610089473684,-5.499834368421053,46,0.62,Low
Oswestry,30,41,52.86092143333334,-3.0349131,48,0.59,Low
North Shropshire,32,47,52.880355625,-2.6987496875,46,0.59,Low
Wear Valley,36,48,54.67812830555555,-1.7517021666666668,44,0.59,Low
Bridgnorth,29,53,52.596054448275865,-2.4036379655172415,33,0.47,Low
Chester-le-Street,25,36,54.854279919999996,-1.59913644,31,0.42,Low
Clackmannanshire,25,33,56.13259292,-3.76209076,29,0.39,Low
Alnwick,20,31,55.3497985,-1.7536356000000002,30,0.38,Low
South Shropshire,18,26,52.45681016666666,-2.8413998333333335,22,0.3,Low
Teesdale,15,24,54.56541913333333,-1.8816315333333333,19,0.26,Low
Berwick-upon-Tweed,13,23,55.65659376923077,-1.9875903076923078,19,0.25,Low
